modelo,clase_modelo,ruta_archivo,hidden_dims,dropout,learning_rate,weight_decay,seed,val_rmse_log,test_rmse_dollars,descripcion,fecha_registro
grid_semilla42_64_32_drop02_lr0.001_wd0.0001,MLP,,"[64, 32]",0.2,0.001,0.0001,42.0,0.6092385094363515,,"{'hidden_dims': [64, 32], 'dropout': 0.2, 'learning_rate': 0.001, 'weight_decay': 0.0001}",2026-08-19 02:38
grid_semilla42_64_32_drop02_lr0.001_wd1e-05,MLP,,"[64, 32]",0.2,0.001,1e-05,42.0,0.7263287233099426,,"{'hidden_dims': [64, 32], 'dropout': 0.2, 'learning_rate': 0.001, 'weight_decay': 1e-05}",2026-08-19 02:38
grid_semilla42_64_32_drop02_lr0.0005_wd0.0001,MLP,,"[64, 32]",0.2,0.0005,0.0001,42.0,0.6588488617533943,,"{'hidden_dims': [64, 32], 'dropout': 0.2, 'learning_rate': 0.0005, 'weight_decay': 0.0001}",2026-08-19 02:39
grid_semilla42_64_32_drop02_lr0.0005_wd1e-05,MLP,,"[64, 32]",0.2,0.0005,1e-05,42.0,0.6922429081976139,,"{'hidden_dims': [64, 32], 'dropout': 0.2, 'learning_rate': 0.0005, 'weight_decay': 1e-05}",2026-08-19 02:39
grid_semilla42_64_32_drop03_lr0.001_wd0.0001,MLP,,"[64, 32]",0.3,0.001,0.0001,42.0,0.8883644494487196,,"{'hidden_dims': [64, 32], 'dropout': 0.3, 'learning_rate': 0.001, 'weight_decay': 0.0001}",2026-08-19 02:39
grid_semilla42_64_32_drop03_lr0.001_wd1e-05,MLP,,"[64, 32]",0.3,0.001,1e-05,42.0,0.6080564718589058,,"{'hidden_dims': [64, 32], 'dropout': 0.3, 'learning_rate': 0.001, 'weight_decay': 1e-05}",2026-08-19 02:39
grid_semilla42_64_32_drop03_lr0.0005_wd0.0001,MLP,,"[64, 32]",0.3,0.0005,0.0001,42.0,1.014883151915646,,"{'hidden_dims': [64, 32], 'dropout': 0.3, 'learning_rate': 0.0005, 'weight_decay': 0.0001}",2026-08-19 02:39
grid_semilla42_64_32_drop03_lr0.0005_wd1e-05,MLP,,"[64, 32]",0.3,0.0005,1e-05,42.0,0.8190770427892969,,"{'hidden_dims': [64, 32], 'dropout': 0.3, 'learning_rate': 0.0005, 'weight_decay': 1e-05}",2026-08-19 02:40
grid_semilla42_128_64_32_drop02_lr0.001_wd0.0001,MLP,,"[128, 64, 32]",0.2,0.001,0.0001,42.0,0.3906067144564579,,"{'hidden_dims': [128, 64, 32], 'dropout': 0.2, 'learning_rate': 0.001, 'weight_decay': 0.0001}",2026-08-19 02:40
grid_semilla42_128_64_32_drop02_lr0.001_wd1e-05,MLP,,"[128, 64, 32]",0.2,0.001,1e-05,42.0,0.3704752167537261,,"{'hidden_dims': [128, 64, 32], 'dropout': 0.2, 'learning_rate': 0.001, 'weight_decay': 1e-05}",2026-08-19 02:40
grid_semilla42_128_64_32_drop02_lr0.0005_wd0.0001,MLP,,"[128, 64, 32]",0.2,0.0005,0.0001,42.0,0.395555193539399,,"{'hidden_dims': [128, 64, 32], 'dropout': 0.2, 'learning_rate': 0.0005, 'weight_decay': 0.0001}",2026-08-19 02:40
grid_semilla42_128_64_32_drop02_lr0.0005_wd1e-05,MLP,modelos\grid_semilla42_128_64_32_drop02_lr0.0005_wd1e-05.pt,"[128, 64, 32]",0.2,0.0005,1e-05,42.0,0.3543937395776725,,"{'hidden_dims': [128, 64, 32], 'dropout': 0.2, 'learning_rate': 0.0005, 'weight_decay': 1e-05}",2026-08-19 02:40
grid_semilla42_128_64_32_drop03_lr0.001_wd0.0001,MLP,,"[128, 64, 32]",0.3,0.001,0.0001,42.0,0.4177638841214121,,"{'hidden_dims': [128, 64, 32], 'dropout': 0.3, 'learning_rate': 0.001, 'weight_decay': 0.0001}",2026-08-19 02:41
grid_semilla42_128_64_32_drop03_lr0.001_wd1e-05,MLP,,"[128, 64, 32]",0.3,0.001,1e-05,42.0,0.5659106881938049,,"{'hidden_dims': [128, 64, 32], 'dropout': 0.3, 'learning_rate': 0.001, 'weight_decay': 1e-05}",2026-08-19 02:41
grid_semilla42_128_64_32_drop03_lr0.0005_wd0.0001,MLP,,"[128, 64, 32]",0.3,0.0005,0.0001,42.0,0.5670544784481956,,"{'hidden_dims': [128, 64, 32], 'dropout': 0.3, 'learning_rate': 0.0005, 'weight_decay': 0.0001}",2026-08-19 02:41
grid_semilla42_128_64_32_drop03_lr0.0005_wd1e-05,MLP,,"[128, 64, 32]",0.3,0.0005,1e-05,42.0,0.7997937758698557,,"{'hidden_dims': [128, 64, 32], 'dropout': 0.3, 'learning_rate': 0.0005, 'weight_decay': 1e-05}",2026-08-19 02:41
grid_semilla42_128_64_drop02_lr0.001_wd0.0001,MLP,,"[128, 64]",0.2,0.001,0.0001,42.0,0.5995028356612853,,"{'hidden_dims': [128, 64], 'dropout': 0.2, 'learning_rate': 0.001, 'weight_decay': 0.0001}",2026-08-19 02:42
grid_semilla42_128_64_drop02_lr0.001_wd1e-05,MLP,,"[128, 64]",0.2,0.001,1e-05,42.0,0.4611158699349583,,"{'hidden_dims': [128, 64], 'dropout': 0.2, 'learning_rate': 0.001, 'weight_decay': 1e-05}",2026-08-19 02:42
grid_semilla42_128_64_drop02_lr0.0005_wd0.0001,MLP,,"[128, 64]",0.2,0.0005,0.0001,42.0,0.5517256105641567,,"{'hidden_dims': [128, 64], 'dropout': 0.2, 'learning_rate': 0.0005, 'weight_decay': 0.0001}",2026-08-19 02:42
grid_semilla42_128_64_drop02_lr0.0005_wd1e-05,MLP,,"[128, 64]",0.2,0.0005,1e-05,42.0,0.6751899226875347,,"{'hidden_dims': [128, 64], 'dropout': 0.2, 'learning_rate': 0.0005, 'weight_decay': 1e-05}",2026-08-19 02:42
grid_semilla42_128_64_drop03_lr0.001_wd0.0001,MLP,,"[128, 64]",0.3,0.001,0.0001,42.0,0.5565233229689263,,"{'hidden_dims': [128, 64], 'dropout': 0.3, 'learning_rate': 0.001, 'weight_decay': 0.0001}",2026-08-19 02:42
grid_semilla42_128_64_drop03_lr0.001_wd1e-05,MLP,,"[128, 64]",0.3,0.001,1e-05,42.0,0.6189323620551328,,"{'hidden_dims': [128, 64], 'dropout': 0.3, 'learning_rate': 0.001, 'weight_decay': 1e-05}",2026-08-19 02:42
grid_semilla42_128_64_drop03_lr0.0005_wd0.0001,MLP,,"[128, 64]",0.3,0.0005,0.0001,42.0,0.7565707096797837,,"{'hidden_dims': [128, 64], 'dropout': 0.3, 'learning_rate': 0.0005, 'weight_decay': 0.0001}",2026-08-19 02:42
grid_semilla42_128_64_drop03_lr0.0005_wd1e-05,MLP,,"[128, 64]",0.3,0.0005,1e-05,42.0,0.6530302931217589,,"{'hidden_dims': [128, 64], 'dropout': 0.3, 'learning_rate': 0.0005, 'weight_decay': 1e-05}",2026-08-19 02:43
grid_semilla99_64_32_drop02_lr0.001_wd0.0001,MLP,,"[64, 32]",0.2,0.001,0.0001,99.0,0.6851626421616817,,"{'hidden_dims': [64, 32], 'dropout': 0.2, 'learning_rate': 0.001, 'weight_decay': 0.0001}",2026-08-19 02:43
grid_semilla99_64_32_drop02_lr0.001_wd1e-05,MLP,,"[64, 32]",0.2,0.001,1e-05,99.0,0.6879006504394773,,"{'hidden_dims': [64, 32], 'dropout': 0.2, 'learning_rate': 0.001, 'weight_decay': 1e-05}",2026-08-19 02:43
grid_semilla99_64_32_drop02_lr0.0005_wd0.0001,MLP,,"[64, 32]",0.2,0.0005,0.0001,99.0,0.7432068767738288,,"{'hidden_dims': [64, 32], 'dropout': 0.2, 'learning_rate': 0.0005, 'weight_decay': 0.0001}",2026-08-19 02:43
grid_semilla99_64_32_drop02_lr0.0005_wd1e-05,MLP,,"[64, 32]",0.2,0.0005,1e-05,99.0,0.6576991731909826,,"{'hidden_dims': [64, 32], 'dropout': 0.2, 'learning_rate': 0.0005, 'weight_decay': 1e-05}",2026-08-19 02:43
grid_semilla99_64_32_drop03_lr0.001_wd0.0001,MLP,,"[64, 32]",0.3,0.001,0.0001,99.0,0.7141482960405457,,"{'hidden_dims': [64, 32], 'dropout': 0.3, 'learning_rate': 0.001, 'weight_decay': 0.0001}",2026-08-19 02:43
grid_semilla99_64_32_drop03_lr0.001_wd1e-05,MLP,,"[64, 32]",0.3,0.001,1e-05,99.0,0.8980548043583355,,"{'hidden_dims': [64, 32], 'dropout': 0.3, 'learning_rate': 0.001, 'weight_decay': 1e-05}",2026-08-19 02:43
grid_semilla99_64_32_drop03_lr0.0005_wd0.0001,MLP,,"[64, 32]",0.3,0.0005,0.0001,99.0,0.768161558419873,,"{'hidden_dims': [64, 32], 'dropout': 0.3, 'learning_rate': 0.0005, 'weight_decay': 0.0001}",2026-08-19 02:44
grid_semilla99_64_32_drop03_lr0.0005_wd1e-05,MLP,,"[64, 32]",0.3,0.0005,1e-05,99.0,1.0970223203809164,,"{'hidden_dims': [64, 32], 'dropout': 0.3, 'learning_rate': 0.0005, 'weight_decay': 1e-05}",2026-08-19 02:44
grid_semilla99_128_64_32_drop02_lr0.001_wd0.0001,MLP,modelos\grid_semilla99_128_64_32_drop02_lr0.001_wd0.0001.pt,"[128, 64, 32]",0.2,0.001,0.0001,99.0,0.3715987333336195,,"{'hidden_dims': [128, 64, 32], 'dropout': 0.2, 'learning_rate': 0.001, 'weight_decay': 0.0001}",2026-08-19 02:44
grid_semilla99_128_64_32_drop02_lr0.001_wd1e-05,MLP,,"[128, 64, 32]",0.2,0.001,1e-05,99.0,0.4582319273897663,,"{'hidden_dims': [128, 64, 32], 'dropout': 0.2, 'learning_rate': 0.001, 'weight_decay': 1e-05}",2026-08-19 02:44
grid_semilla99_128_64_32_drop02_lr0.0005_wd0.0001,MLP,,"[128, 64, 32]",0.2,0.0005,0.0001,99.0,0.5790457460073043,,"{'hidden_dims': [128, 64, 32], 'dropout': 0.2, 'learning_rate': 0.0005, 'weight_decay': 0.0001}",2026-08-19 02:44
grid_semilla99_128_64_32_drop02_lr0.0005_wd1e-05,MLP,,"[128, 64, 32]",0.2,0.0005,1e-05,99.0,0.5222469473908309,,"{'hidden_dims': [128, 64, 32], 'dropout': 0.2, 'learning_rate': 0.0005, 'weight_decay': 1e-05}",2026-08-19 02:45
grid_semilla99_128_64_32_drop03_lr0.001_wd0.0001,MLP,,"[128, 64, 32]",0.3,0.001,0.0001,99.0,0.50485950320243,,"{'hidden_dims': [128, 64, 32], 'dropout': 0.3, 'learning_rate': 0.001, 'weight_decay': 0.0001}",2026-08-19 02:45
grid_semilla99_128_64_32_drop03_lr0.001_wd1e-05,MLP,,"[128, 64, 32]",0.3,0.001,1e-05,99.0,0.491710080604831,,"{'hidden_dims': [128, 64, 32], 'dropout': 0.3, 'learning_rate': 0.001, 'weight_decay': 1e-05}",2026-08-19 02:45
grid_semilla99_128_64_32_drop03_lr0.0005_wd0.0001,MLP,,"[128, 64, 32]",0.3,0.0005,0.0001,99.0,0.5326280741738281,,"{'hidden_dims': [128, 64, 32], 'dropout': 0.3, 'learning_rate': 0.0005, 'weight_decay': 0.0001}",2026-08-19 02:45
grid_semilla99_128_64_32_drop03_lr0.0005_wd1e-05,MLP,,"[128, 64, 32]",0.3,0.0005,1e-05,99.0,0.6100650287710333,,"{'hidden_dims': [128, 64, 32], 'dropout': 0.3, 'learning_rate': 0.0005, 'weight_decay': 1e-05}",2026-08-19 02:46
grid_semilla99_128_64_drop02_lr0.001_wd0.0001,MLP,,"[128, 64]",0.2,0.001,0.0001,99.0,0.5280392757793995,,"{'hidden_dims': [128, 64], 'dropout': 0.2, 'learning_rate': 0.001, 'weight_decay': 0.0001}",2026-08-19 02:46
grid_semilla99_128_64_drop02_lr0.001_wd1e-05,MLP,,"[128, 64]",0.2,0.001,1e-05,99.0,0.6291383488758119,,"{'hidden_dims': [128, 64], 'dropout': 0.2, 'learning_rate': 0.001, 'weight_decay': 1e-05}",2026-08-19 02:46
grid_semilla99_128_64_drop02_lr0.0005_wd0.0001,MLP,,"[128, 64]",0.2,0.0005,0.0001,99.0,0.5873425654908218,,"{'hidden_dims': [128, 64], 'dropout': 0.2, 'learning_rate': 0.0005, 'weight_decay': 0.0001}",2026-08-19 02:46
grid_semilla99_128_64_drop02_lr0.0005_wd1e-05,MLP,,"[128, 64]",0.2,0.0005,1e-05,99.0,0.7857798034529242,,"{'hidden_dims': [128, 64], 'dropout': 0.2, 'learning_rate': 0.0005, 'weight_decay': 1e-05}",2026-08-19 02:46
grid_semilla99_128_64_drop03_lr0.001_wd0.0001,MLP,,"[128, 64]",0.3,0.001,0.0001,99.0,0.5746617241272205,,"{'hidden_dims': [128, 64], 'dropout': 0.3, 'learning_rate': 0.001, 'weight_decay': 0.0001}",2026-08-19 02:46
grid_semilla99_128_64_drop03_lr0.001_wd1e-05,MLP,,"[128, 64]",0.3,0.001,1e-05,99.0,0.8098041057261031,,"{'hidden_dims': [128, 64], 'dropout': 0.3, 'learning_rate': 0.001, 'weight_decay': 1e-05}",2026-08-19 02:46
grid_semilla99_128_64_drop03_lr0.0005_wd0.0001,MLP,,"[128, 64]",0.3,0.0005,0.0001,99.0,0.8594966917863802,,"{'hidden_dims': [128, 64], 'dropout': 0.3, 'learning_rate': 0.0005, 'weight_decay': 0.0001}",2026-08-19 02:46
grid_semilla99_128_64_drop03_lr0.0005_wd1e-05,MLP,,"[128, 64]",0.3,0.0005,1e-05,99.0,0.8739517608747056,,"{'hidden_dims': [128, 64], 'dropout': 0.3, 'learning_rate': 0.0005, 'weight_decay': 1e-05}",2026-08-19 02:47
grid_semilla23_64_32_drop02_lr0.001_wd0.0001,MLP,,"[64, 32]",0.2,0.001,0.0001,23.0,0.5243734087065481,,"{'hidden_dims': [64, 32], 'dropout': 0.2, 'learning_rate': 0.001, 'weight_decay': 0.0001}",2026-08-19 02:47
grid_semilla23_64_32_drop02_lr0.001_wd1e-05,MLP,,"[64, 32]",0.2,0.001,1e-05,23.0,0.6629080405014722,,"{'hidden_dims': [64, 32], 'dropout': 0.2, 'learning_rate': 0.001, 'weight_decay': 1e-05}",2026-08-19 02:47
grid_semilla23_64_32_drop02_lr0.0005_wd0.0001,MLP,,"[64, 32]",0.2,0.0005,0.0001,23.0,0.7554346808687619,,"{'hidden_dims': [64, 32], 'dropout': 0.2, 'learning_rate': 0.0005, 'weight_decay': 0.0001}",2026-08-19 02:47
grid_semilla23_64_32_drop02_lr0.0005_wd1e-05,MLP,,"[64, 32]",0.2,0.0005,1e-05,23.0,0.735092326785988,,"{'hidden_dims': [64, 32], 'dropout': 0.2, 'learning_rate': 0.0005, 'weight_decay': 1e-05}",2026-08-19 02:47
grid_semilla23_64_32_drop03_lr0.001_wd0.0001,MLP,,"[64, 32]",0.3,0.001,0.0001,23.0,0.4813146794397816,,"{'hidden_dims': [64, 32], 'dropout': 0.3, 'learning_rate': 0.001, 'weight_decay': 0.0001}",2026-08-19 02:47
grid_semilla23_64_32_drop03_lr0.001_wd1e-05,MLP,,"[64, 32]",0.3,0.001,1e-05,23.0,0.5079999137713141,,"{'hidden_dims': [64, 32], 'dropout': 0.3, 'learning_rate': 0.001, 'weight_decay': 1e-05}",2026-08-19 02:48
grid_semilla23_64_32_drop03_lr0.0005_wd0.0001,MLP,,"[64, 32]",0.3,0.0005,0.0001,23.0,1.1211440443925915,,"{'hidden_dims': [64, 32], 'dropout': 0.3, 'learning_rate': 0.0005, 'weight_decay': 0.0001}",2026-08-19 02:48
grid_semilla23_64_32_drop03_lr0.0005_wd1e-05,MLP,,"[64, 32]",0.3,0.0005,1e-05,23.0,1.118181853173665,,"{'hidden_dims': [64, 32], 'dropout': 0.3, 'learning_rate': 0.0005, 'weight_decay': 1e-05}",2026-08-19 02:48
grid_semilla23_128_64_32_drop02_lr0.001_wd0.0001,MLP,,"[128, 64, 32]",0.2,0.001,0.0001,23.0,0.5284035711677579,,"{'hidden_dims': [128, 64, 32], 'dropout': 0.2, 'learning_rate': 0.001, 'weight_decay': 0.0001}",2026-08-19 02:48
grid_semilla23_128_64_32_drop02_lr0.001_wd1e-05,MLP,,"[128, 64, 32]",0.2,0.001,1e-05,23.0,0.4766642795335689,,"{'hidden_dims': [128, 64, 32], 'dropout': 0.2, 'learning_rate': 0.001, 'weight_decay': 1e-05}",2026-08-19 02:48
grid_semilla23_128_64_32_drop02_lr0.0005_wd0.0001,MLP,,"[128, 64, 32]",0.2,0.0005,0.0001,23.0,0.6621746867477746,,"{'hidden_dims': [128, 64, 32], 'dropout': 0.2, 'learning_rate': 0.0005, 'weight_decay': 0.0001}",2026-08-19 02:48
grid_semilla23_128_64_32_drop02_lr0.0005_wd1e-05,MLP,,"[128, 64, 32]",0.2,0.0005,1e-05,23.0,0.4122350803855462,,"{'hidden_dims': [128, 64, 32], 'dropout': 0.2, 'learning_rate': 0.0005, 'weight_decay': 1e-05}",2026-08-19 02:48
grid_semilla23_128_64_32_drop03_lr0.001_wd0.0001,MLP,,"[128, 64, 32]",0.3,0.001,0.0001,23.0,0.5501405222149774,,"{'hidden_dims': [128, 64, 32], 'dropout': 0.3, 'learning_rate': 0.001, 'weight_decay': 0.0001}",2026-08-19 02:49
grid_semilla23_128_64_32_drop03_lr0.001_wd1e-05,MLP,,"[128, 64, 32]",0.3,0.001,1e-05,23.0,0.4718360194259249,,"{'hidden_dims': [128, 64, 32], 'dropout': 0.3, 'learning_rate': 0.001, 'weight_decay': 1e-05}",2026-08-19 02:49
grid_semilla23_128_64_32_drop03_lr0.0005_wd0.0001,MLP,,"[128, 64, 32]",0.3,0.0005,0.0001,23.0,0.6021990009648769,,"{'hidden_dims': [128, 64, 32], 'dropout': 0.3, 'learning_rate': 0.0005, 'weight_decay': 0.0001}",2026-08-19 02:49
grid_semilla23_128_64_32_drop03_lr0.0005_wd1e-05,MLP,,"[128, 64, 32]",0.3,0.0005,1e-05,23.0,0.7020239120508568,,"{'hidden_dims': [128, 64, 32], 'dropout': 0.3, 'learning_rate': 0.0005, 'weight_decay': 1e-05}",2026-08-19 02:49
grid_semilla23_128_64_drop02_lr0.001_wd0.0001,MLP,,"[128, 64]",0.2,0.001,0.0001,23.0,0.4299262178430316,,"{'hidden_dims': [128, 64], 'dropout': 0.2, 'learning_rate': 0.001, 'weight_decay': 0.0001}",2026-08-19 02:49
grid_semilla23_128_64_drop02_lr0.001_wd1e-05,MLP,modelos\grid_semilla23_128_64_drop02_lr0.001_wd1e-05.pt,"[128, 64]",0.2,0.001,1e-05,23.0,0.3989983177151585,,"{'hidden_dims': [128, 64], 'dropout': 0.2, 'learning_rate': 0.001, 'weight_decay': 1e-05}",2026-08-19 02:50
grid_semilla23_128_64_drop02_lr0.0005_wd0.0001,MLP,,"[128, 64]",0.2,0.0005,0.0001,23.0,0.7933848092882303,,"{'hidden_dims': [128, 64], 'dropout': 0.2, 'learning_rate': 0.0005, 'weight_decay': 0.0001}",2026-08-19 02:50
grid_semilla23_128_64_drop02_lr0.0005_wd1e-05,MLP,,"[128, 64]",0.2,0.0005,1e-05,23.0,0.8512135178473462,,"{'hidden_dims': [128, 64], 'dropout': 0.2, 'learning_rate': 0.0005, 'weight_decay': 1e-05}",2026-08-19 02:50
grid_semilla23_128_64_drop03_lr0.001_wd0.0001,MLP,,"[128, 64]",0.3,0.001,0.0001,23.0,0.5820695023906195,,"{'hidden_dims': [128, 64], 'dropout': 0.3, 'learning_rate': 0.001, 'weight_decay': 0.0001}",2026-08-19 02:50
grid_semilla23_128_64_drop03_lr0.001_wd1e-05,MLP,,"[128, 64]",0.3,0.001,1e-05,23.0,0.6813164370919117,,"{'hidden_dims': [128, 64], 'dropout': 0.3, 'learning_rate': 0.001, 'weight_decay': 1e-05}",2026-08-19 02:50
grid_semilla23_128_64_drop03_lr0.0005_wd0.0001,MLP,,"[128, 64]",0.3,0.0005,0.0001,23.0,0.9026143162430575,,"{'hidden_dims': [128, 64], 'dropout': 0.3, 'learning_rate': 0.0005, 'weight_decay': 0.0001}",2026-08-19 02:50
grid_semilla23_128_64_drop03_lr0.0005_wd1e-05,MLP,,"[128, 64]",0.3,0.0005,1e-05,23.0,0.9102314111675912,,"{'hidden_dims': [128, 64], 'dropout': 0.3, 'learning_rate': 0.0005, 'weight_decay': 1e-05}",2026-08-19 02:50
grid_ampliado_128_64_32_drop01_lr0.001_wd0.0001,MLP,,"[128, 64, 32]",0.1,0.001,0.0001,23.0,0.228052429926782,,"{'hidden_dims': [128, 64, 32], 'dropout': 0.1, 'learning_rate': 0.001, 'weight_decay': 0.0001}",2026-08-19 02:51
grid_ampliado_128_64_32_drop01_lr0.001_wd0.0005,MLP,,"[128, 64, 32]",0.1,0.001,0.0005,23.0,0.3112446066281859,,"{'hidden_dims': [128, 64, 32], 'dropout': 0.1, 'learning_rate': 0.001, 'weight_decay': 0.0005}",2026-08-19 02:51
grid_ampliado_128_64_32_drop01_lr0.001_wd1e-05,MLP,,"[128, 64, 32]",0.1,0.001,1e-05,23.0,0.2549858433110629,,"{'hidden_dims': [128, 64, 32], 'dropout': 0.1, 'learning_rate': 0.001, 'weight_decay': 1e-05}",2026-08-19 02:51
grid_ampliado_128_64_32_drop01_lr0.002_wd0.0001,MLP,,"[128, 64, 32]",0.1,0.002,0.0001,23.0,0.3083058988468443,,"{'hidden_dims': [128, 64, 32], 'dropout': 0.1, 'learning_rate': 0.002, 'weight_decay': 0.0001}",2026-08-19 02:51
grid_ampliado_128_64_32_drop01_lr0.002_wd0.0005,MLP,,"[128, 64, 32]",0.1,0.002,0.0005,23.0,0.242473640914205,,"{'hidden_dims': [128, 64, 32], 'dropout': 0.1, 'learning_rate': 0.002, 'weight_decay': 0.0005}",2026-08-19 02:51
grid_ampliado_128_64_32_drop01_lr0.002_wd1e-05,MLP,,"[128, 64, 32]",0.1,0.002,1e-05,23.0,0.2375681386732745,,"{'hidden_dims': [128, 64, 32], 'dropout': 0.1, 'learning_rate': 0.002, 'weight_decay': 1e-05}",2026-08-19 02:51
grid_ampliado_128_64_32_drop01_lr0.0005_wd0.0001,MLP,,"[128, 64, 32]",0.1,0.0005,0.0001,23.0,0.5278669211083844,,"{'hidden_dims': [128, 64, 32], 'dropout': 0.1, 'learning_rate': 0.0005, 'weight_decay': 0.0001}",2026-08-19 02:52
grid_ampliado_128_64_32_drop01_lr0.0005_wd0.0005,MLP,,"[128, 64, 32]",0.1,0.0005,0.0005,23.0,0.3235829718793497,,"{'hidden_dims': [128, 64, 32], 'dropout': 0.1, 'learning_rate': 0.0005, 'weight_decay': 0.0005}",2026-08-19 02:52
grid_ampliado_128_64_32_drop01_lr0.0005_wd1e-05,MLP,,"[128, 64, 32]",0.1,0.0005,1e-05,23.0,0.3522620623079795,,"{'hidden_dims': [128, 64, 32], 'dropout': 0.1, 'learning_rate': 0.0005, 'weight_decay': 1e-05}",2026-08-19 02:52
grid_ampliado_128_64_32_drop015_lr0.001_wd0.0001,MLP,,"[128, 64, 32]",0.15,0.001,0.0001,23.0,0.2611865698985797,,"{'hidden_dims': [128, 64, 32], 'dropout': 0.15, 'learning_rate': 0.001, 'weight_decay': 0.0001}",2026-08-19 02:52
grid_ampliado_128_64_32_drop015_lr0.001_wd0.0005,MLP,,"[128, 64, 32]",0.15,0.001,0.0005,23.0,0.3500598778907126,,"{'hidden_dims': [128, 64, 32], 'dropout': 0.15, 'learning_rate': 0.001, 'weight_decay': 0.0005}",2026-08-19 02:53
grid_ampliado_128_64_32_drop015_lr0.001_wd1e-05,MLP,,"[128, 64, 32]",0.15,0.001,1e-05,23.0,0.337266794479118,,"{'hidden_dims': [128, 64, 32], 'dropout': 0.15, 'learning_rate': 0.001, 'weight_decay': 1e-05}",2026-08-19 02:53
grid_ampliado_128_64_32_drop015_lr0.002_wd0.0001,MLP,,"[128, 64, 32]",0.15,0.002,0.0001,23.0,0.4157728313514572,,"{'hidden_dims': [128, 64, 32], 'dropout': 0.15, 'learning_rate': 0.002, 'weight_decay': 0.0001}",2026-08-19 02:53
grid_ampliado_128_64_32_drop015_lr0.002_wd0.0005,MLP,,"[128, 64, 32]",0.15,0.002,0.0005,23.0,0.3140793330076645,,"{'hidden_dims': [128, 64, 32], 'dropout': 0.15, 'learning_rate': 0.002, 'weight_decay': 0.0005}",2026-08-19 02:53
grid_ampliado_128_64_32_drop015_lr0.002_wd1e-05,MLP,,"[128, 64, 32]",0.15,0.002,1e-05,23.0,0.2842251685541304,,"{'hidden_dims': [128, 64, 32], 'dropout': 0.15, 'learning_rate': 0.002, 'weight_decay': 1e-05}",2026-08-19 02:53
grid_ampliado_128_64_32_drop015_lr0.0005_wd0.0001,MLP,,"[128, 64, 32]",0.15,0.0005,0.0001,23.0,0.5454705778900119,,"{'hidden_dims': [128, 64, 32], 'dropout': 0.15, 'learning_rate': 0.0005, 'weight_decay': 0.0001}",2026-08-19 02:54
grid_ampliado_128_64_32_drop015_lr0.0005_wd0.0005,MLP,,"[128, 64, 32]",0.15,0.0005,0.0005,23.0,0.4906598685158511,,"{'hidden_dims': [128, 64, 32], 'dropout': 0.15, 'learning_rate': 0.0005, 'weight_decay': 0.0005}",2026-08-19 02:54
grid_ampliado_128_64_32_drop015_lr0.0005_wd1e-05,MLP,,"[128, 64, 32]",0.15,0.0005,1e-05,23.0,0.5667492518539943,,"{'hidden_dims': [128, 64, 32], 'dropout': 0.15, 'learning_rate': 0.0005, 'weight_decay': 1e-05}",2026-08-19 02:54
grid_ampliado_128_64_32_drop02_lr0.001_wd0.0001,MLP,,"[128, 64, 32]",0.2,0.001,0.0001,23.0,0.5284035711677579,,"{'hidden_dims': [128, 64, 32], 'dropout': 0.2, 'learning_rate': 0.001, 'weight_decay': 0.0001}",2026-08-19 02:54
grid_ampliado_128_64_32_drop02_lr0.001_wd0.0005,MLP,,"[128, 64, 32]",0.2,0.001,0.0005,23.0,0.4398355444847984,,"{'hidden_dims': [128, 64, 32], 'dropout': 0.2, 'learning_rate': 0.001, 'weight_decay': 0.0005}",2026-08-19 02:54
grid_ampliado_128_64_32_drop02_lr0.001_wd1e-05,MLP,,"[128, 64, 32]",0.2,0.001,1e-05,23.0,0.4766642795335689,,"{'hidden_dims': [128, 64, 32], 'dropout': 0.2, 'learning_rate': 0.001, 'weight_decay': 1e-05}",2026-08-19 02:54
grid_ampliado_128_64_32_drop02_lr0.002_wd0.0001,MLP,,"[128, 64, 32]",0.2,0.002,0.0001,23.0,0.288870039653475,,"{'hidden_dims': [128, 64, 32], 'dropout': 0.2, 'learning_rate': 0.002, 'weight_decay': 0.0001}",2026-08-19 02:55
grid_ampliado_128_64_32_drop02_lr0.002_wd0.0005,MLP,,"[128, 64, 32]",0.2,0.002,0.0005,23.0,0.2916514599900413,,"{'hidden_dims': [128, 64, 32], 'dropout': 0.2, 'learning_rate': 0.002, 'weight_decay': 0.0005}",2026-08-19 02:55
grid_ampliado_128_64_32_drop02_lr0.002_wd1e-05,MLP,,"[128, 64, 32]",0.2,0.002,1e-05,23.0,0.2907089851658084,,"{'hidden_dims': [128, 64, 32], 'dropout': 0.2, 'learning_rate': 0.002, 'weight_decay': 1e-05}",2026-08-19 02:55
grid_ampliado_128_64_32_drop02_lr0.0005_wd0.0001,MLP,,"[128, 64, 32]",0.2,0.0005,0.0001,23.0,0.6621746867477746,,"{'hidden_dims': [128, 64, 32], 'dropout': 0.2, 'learning_rate': 0.0005, 'weight_decay': 0.0001}",2026-08-19 02:55
grid_ampliado_128_64_32_drop02_lr0.0005_wd0.0005,MLP,,"[128, 64, 32]",0.2,0.0005,0.0005,23.0,0.5142169569616547,,"{'hidden_dims': [128, 64, 32], 'dropout': 0.2, 'learning_rate': 0.0005, 'weight_decay': 0.0005}",2026-08-19 02:55
grid_ampliado_128_64_32_drop02_lr0.0005_wd1e-05,MLP,,"[128, 64, 32]",0.2,0.0005,1e-05,23.0,0.4122350803855462,,"{'hidden_dims': [128, 64, 32], 'dropout': 0.2, 'learning_rate': 0.0005, 'weight_decay': 1e-05}",2026-08-19 02:56
grid_ampliado_128_64_32_drop025_lr0.001_wd0.0001,MLP,,"[128, 64, 32]",0.25,0.001,0.0001,23.0,0.4837768332401719,,"{'hidden_dims': [128, 64, 32], 'dropout': 0.25, 'learning_rate': 0.001, 'weight_decay': 0.0001}",2026-08-19 02:56
grid_ampliado_128_64_32_drop025_lr0.001_wd0.0005,MLP,,"[128, 64, 32]",0.25,0.001,0.0005,23.0,0.4003827365625395,,"{'hidden_dims': [128, 64, 32], 'dropout': 0.25, 'learning_rate': 0.001, 'weight_decay': 0.0005}",2026-08-19 02:56
grid_ampliado_128_64_32_drop025_lr0.001_wd1e-05,MLP,,"[128, 64, 32]",0.25,0.001,1e-05,23.0,0.5016498577240813,,"{'hidden_dims': [128, 64, 32], 'dropout': 0.25, 'learning_rate': 0.001, 'weight_decay': 1e-05}",2026-08-19 02:56
grid_ampliado_128_64_32_drop025_lr0.002_wd0.0001,MLP,,"[128, 64, 32]",0.25,0.002,0.0001,23.0,0.340481041824537,,"{'hidden_dims': [128, 64, 32], 'dropout': 0.25, 'learning_rate': 0.002, 'weight_decay': 0.0001}",2026-08-19 02:56
grid_ampliado_128_64_32_drop025_lr0.002_wd0.0005,MLP,,"[128, 64, 32]",0.25,0.002,0.0005,23.0,0.407159308804103,,"{'hidden_dims': [128, 64, 32], 'dropout': 0.25, 'learning_rate': 0.002, 'weight_decay': 0.0005}",2026-08-19 02:56
grid_ampliado_128_64_32_drop025_lr0.002_wd1e-05,MLP,,"[128, 64, 32]",0.25,0.002,1e-05,23.0,0.5335902367993299,,"{'hidden_dims': [128, 64, 32], 'dropout': 0.25, 'learning_rate': 0.002, 'weight_decay': 1e-05}",2026-08-19 02:56
grid_ampliado_128_64_32_drop025_lr0.0005_wd0.0001,MLP,,"[128, 64, 32]",0.25,0.0005,0.0001,23.0,0.7923395670516666,,"{'hidden_dims': [128, 64, 32], 'dropout': 0.25, 'learning_rate': 0.0005, 'weight_decay': 0.0001}",2026-08-19 02:57
grid_ampliado_128_64_32_drop025_lr0.0005_wd0.0005,MLP,,"[128, 64, 32]",0.25,0.0005,0.0005,23.0,0.745949366714446,,"{'hidden_dims': [128, 64, 32], 'dropout': 0.25, 'learning_rate': 0.0005, 'weight_decay': 0.0005}",2026-08-19 02:57
grid_ampliado_128_64_32_drop025_lr0.0005_wd1e-05,MLP,,"[128, 64, 32]",0.25,0.0005,1e-05,23.0,0.7345621533368835,,"{'hidden_dims': [128, 64, 32], 'dropout': 0.25, 'learning_rate': 0.0005, 'weight_decay': 1e-05}",2026-08-19 02:57
grid_ampliado_256_128_64_drop01_lr0.001_wd0.0001,MLP,,"[256, 128, 64]",0.1,0.001,0.0001,23.0,0.2733952864350729,,"{'hidden_dims': [256, 128, 64], 'dropout': 0.1, 'learning_rate': 0.001, 'weight_decay': 0.0001}",2026-08-19 02:57
grid_ampliado_256_128_64_drop01_lr0.001_wd0.0005,MLP,,"[256, 128, 64]",0.1,0.001,0.0005,23.0,0.2942367452384492,,"{'hidden_dims': [256, 128, 64], 'dropout': 0.1, 'learning_rate': 0.001, 'weight_decay': 0.0005}",2026-08-19 02:57
grid_ampliado_256_128_64_drop01_lr0.001_wd1e-05,MLP,,"[256, 128, 64]",0.1,0.001,1e-05,23.0,0.352297745215509,,"{'hidden_dims': [256, 128, 64], 'dropout': 0.1, 'learning_rate': 0.001, 'weight_decay': 1e-05}",2026-08-19 02:57
grid_ampliado_256_128_64_drop01_lr0.002_wd0.0001,MLP,,"[256, 128, 64]",0.1,0.002,0.0001,23.0,0.2894348611530837,,"{'hidden_dims': [256, 128, 64], 'dropout': 0.1, 'learning_rate': 0.002, 'weight_decay': 0.0001}",2026-08-19 02:58
grid_ampliado_256_128_64_drop01_lr0.002_wd0.0005,MLP,,"[256, 128, 64]",0.1,0.002,0.0005,23.0,0.2147835690567275,,"{'hidden_dims': [256, 128, 64], 'dropout': 0.1, 'learning_rate': 0.002, 'weight_decay': 0.0005}",2026-08-19 02:58
grid_ampliado_256_128_64_drop01_lr0.002_wd1e-05,MLP,,"[256, 128, 64]",0.1,0.002,1e-05,23.0,0.2418334357086502,,"{'hidden_dims': [256, 128, 64], 'dropout': 0.1, 'learning_rate': 0.002, 'weight_decay': 1e-05}",2026-08-19 02:58
grid_ampliado_256_128_64_drop01_lr0.0005_wd0.0001,MLP,,"[256, 128, 64]",0.1,0.0005,0.0001,23.0,0.3282356700002754,,"{'hidden_dims': [256, 128, 64], 'dropout': 0.1, 'learning_rate': 0.0005, 'weight_decay': 0.0001}",2026-08-19 02:58
grid_ampliado_256_128_64_drop01_lr0.0005_wd0.0005,MLP,,"[256, 128, 64]",0.1,0.0005,0.0005,23.0,0.3131551966983024,,"{'hidden_dims': [256, 128, 64], 'dropout': 0.1, 'learning_rate': 0.0005, 'weight_decay': 0.0005}",2026-08-19 02:58
grid_ampliado_256_128_64_drop01_lr0.0005_wd1e-05,MLP,,"[256, 128, 64]",0.1,0.0005,1e-05,23.0,0.2951764708866216,,"{'hidden_dims': [256, 128, 64], 'dropout': 0.1, 'learning_rate': 0.0005, 'weight_decay': 1e-05}",2026-08-19 02:59
grid_ampliado_256_128_64_drop015_lr0.001_wd0.0001,MLP,,"[256, 128, 64]",0.15,0.001,0.0001,23.0,0.300374678993371,,"{'hidden_dims': [256, 128, 64], 'dropout': 0.15, 'learning_rate': 0.001, 'weight_decay': 0.0001}",2026-08-19 02:59
grid_ampliado_256_128_64_drop015_lr0.001_wd0.0005,MLP,,"[256, 128, 64]",0.15,0.001,0.0005,23.0,0.2756213355811959,,"{'hidden_dims': [256, 128, 64], 'dropout': 0.15, 'learning_rate': 0.001, 'weight_decay': 0.0005}",2026-08-19 02:59
grid_ampliado_256_128_64_drop015_lr0.001_wd1e-05,MLP,,"[256, 128, 64]",0.15,0.001,1e-05,23.0,0.339614176763405,,"{'hidden_dims': [256, 128, 64], 'dropout': 0.15, 'learning_rate': 0.001, 'weight_decay': 1e-05}",2026-08-19 02:59
grid_ampliado_256_128_64_drop015_lr0.002_wd0.0001,MLP,,"[256, 128, 64]",0.15,0.002,0.0001,23.0,0.2251668052903802,,"{'hidden_dims': [256, 128, 64], 'dropout': 0.15, 'learning_rate': 0.002, 'weight_decay': 0.0001}",2026-08-19 02:59
grid_ampliado_256_128_64_drop015_lr0.002_wd0.0005,MLP,,"[256, 128, 64]",0.15,0.002,0.0005,23.0,0.2905570455803531,,"{'hidden_dims': [256, 128, 64], 'dropout': 0.15, 'learning_rate': 0.002, 'weight_decay': 0.0005}",2026-08-19 03:00
grid_ampliado_256_128_64_drop015_lr0.002_wd1e-05,MLP,,"[256, 128, 64]",0.15,0.002,1e-05,23.0,0.2040695951758374,,"{'hidden_dims': [256, 128, 64], 'dropout': 0.15, 'learning_rate': 0.002, 'weight_decay': 1e-05}",2026-08-19 03:00
grid_ampliado_256_128_64_drop015_lr0.0005_wd0.0001,MLP,,"[256, 128, 64]",0.15,0.0005,0.0001,23.0,0.2938833593853973,,"{'hidden_dims': [256, 128, 64], 'dropout': 0.15, 'learning_rate': 0.0005, 'weight_decay': 0.0001}",2026-08-19 03:00
grid_ampliado_256_128_64_drop015_lr0.0005_wd0.0005,MLP,,"[256, 128, 64]",0.15,0.0005,0.0005,23.0,0.4515745215812197,,"{'hidden_dims': [256, 128, 64], 'dropout': 0.15, 'learning_rate': 0.0005, 'weight_decay': 0.0005}",2026-08-19 03:00
grid_ampliado_256_128_64_drop015_lr0.0005_wd1e-05,MLP,,"[256, 128, 64]",0.15,0.0005,1e-05,23.0,0.2575257288650298,,"{'hidden_dims': [256, 128, 64], 'dropout': 0.15, 'learning_rate': 0.0005, 'weight_decay': 1e-05}",2026-08-19 03:01
grid_ampliado_256_128_64_drop02_lr0.001_wd0.0001,MLP,,"[256, 128, 64]",0.2,0.001,0.0001,23.0,0.2747897351699335,,"{'hidden_dims': [256, 128, 64], 'dropout': 0.2, 'learning_rate': 0.001, 'weight_decay': 0.0001}",2026-08-19 03:01
grid_ampliado_256_128_64_drop02_lr0.001_wd0.0005,MLP,,"[256, 128, 64]",0.2,0.001,0.0005,23.0,0.2477037366733864,,"{'hidden_dims': [256, 128, 64], 'dropout': 0.2, 'learning_rate': 0.001, 'weight_decay': 0.0005}",2026-08-19 03:01
grid_ampliado_256_128_64_drop02_lr0.001_wd1e-05,MLP,,"[256, 128, 64]",0.2,0.001,1e-05,23.0,0.3651365329292711,,"{'hidden_dims': [256, 128, 64], 'dropout': 0.2, 'learning_rate': 0.001, 'weight_decay': 1e-05}",2026-08-19 03:01
grid_ampliado_256_128_64_drop02_lr0.002_wd0.0001,MLP,,"[256, 128, 64]",0.2,0.002,0.0001,23.0,0.2271108841733826,,"{'hidden_dims': [256, 128, 64], 'dropout': 0.2, 'learning_rate': 0.002, 'weight_decay': 0.0001}",2026-08-19 03:01
grid_ampliado_256_128_64_drop02_lr0.002_wd0.0005,MLP,,"[256, 128, 64]",0.2,0.002,0.0005,23.0,0.2967088071032042,,"{'hidden_dims': [256, 128, 64], 'dropout': 0.2, 'learning_rate': 0.002, 'weight_decay': 0.0005}",2026-08-19 03:01
grid_ampliado_256_128_64_drop02_lr0.002_wd1e-05,MLP,,"[256, 128, 64]",0.2,0.002,1e-05,23.0,0.235512750809736,,"{'hidden_dims': [256, 128, 64], 'dropout': 0.2, 'learning_rate': 0.002, 'weight_decay': 1e-05}",2026-08-19 03:02
grid_ampliado_256_128_64_drop02_lr0.0005_wd0.0001,MLP,,"[256, 128, 64]",0.2,0.0005,0.0001,23.0,0.2503351222934741,,"{'hidden_dims': [256, 128, 64], 'dropout': 0.2, 'learning_rate': 0.0005, 'weight_decay': 0.0001}",2026-08-19 03:02
grid_ampliado_256_128_64_drop02_lr0.0005_wd0.0005,MLP,,"[256, 128, 64]",0.2,0.0005,0.0005,23.0,0.285072460231531,,"{'hidden_dims': [256, 128, 64], 'dropout': 0.2, 'learning_rate': 0.0005, 'weight_decay': 0.0005}",2026-08-19 03:02
grid_ampliado_256_128_64_drop02_lr0.0005_wd1e-05,MLP,,"[256, 128, 64]",0.2,0.0005,1e-05,23.0,0.3296402824331244,,"{'hidden_dims': [256, 128, 64], 'dropout': 0.2, 'learning_rate': 0.0005, 'weight_decay': 1e-05}",2026-08-19 03:03
grid_ampliado_256_128_64_drop025_lr0.001_wd0.0001,MLP,,"[256, 128, 64]",0.25,0.001,0.0001,23.0,0.3618608345351395,,"{'hidden_dims': [256, 128, 64], 'dropout': 0.25, 'learning_rate': 0.001, 'weight_decay': 0.0001}",2026-08-19 03:03
grid_ampliado_256_128_64_drop025_lr0.001_wd0.0005,MLP,,"[256, 128, 64]",0.25,0.001,0.0005,23.0,0.3576592367699422,,"{'hidden_dims': [256, 128, 64], 'dropout': 0.25, 'learning_rate': 0.001, 'weight_decay': 0.0005}",2026-08-19 03:03
grid_ampliado_256_128_64_drop025_lr0.001_wd1e-05,MLP,,"[256, 128, 64]",0.25,0.001,1e-05,23.0,0.2440412408086493,,"{'hidden_dims': [256, 128, 64], 'dropout': 0.25, 'learning_rate': 0.001, 'weight_decay': 1e-05}",2026-08-19 03:03
grid_ampliado_256_128_64_drop025_lr0.002_wd0.0001,MLP,,"[256, 128, 64]",0.25,0.002,0.0001,23.0,0.3481697226777973,,"{'hidden_dims': [256, 128, 64], 'dropout': 0.25, 'learning_rate': 0.002, 'weight_decay': 0.0001}",2026-08-19 03:03
grid_ampliado_256_128_64_drop025_lr0.002_wd0.0005,MLP,,"[256, 128, 64]",0.25,0.002,0.0005,23.0,0.322475823332807,,"{'hidden_dims': [256, 128, 64], 'dropout': 0.25, 'learning_rate': 0.002, 'weight_decay': 0.0005}",2026-08-19 03:04
grid_ampliado_256_128_64_drop025_lr0.002_wd1e-05,MLP,,"[256, 128, 64]",0.25,0.002,1e-05,23.0,0.328972569512526,,"{'hidden_dims': [256, 128, 64], 'dropout': 0.25, 'learning_rate': 0.002, 'weight_decay': 1e-05}",2026-08-19 03:04
grid_ampliado_256_128_64_drop025_lr0.0005_wd0.0001,MLP,,"[256, 128, 64]",0.25,0.0005,0.0001,23.0,0.3072508593581649,,"{'hidden_dims': [256, 128, 64], 'dropout': 0.25, 'learning_rate': 0.0005, 'weight_decay': 0.0001}",2026-08-19 03:04
grid_ampliado_256_128_64_drop025_lr0.0005_wd0.0005,MLP,,"[256, 128, 64]",0.25,0.0005,0.0005,23.0,0.2773502118517513,,"{'hidden_dims': [256, 128, 64], 'dropout': 0.25, 'learning_rate': 0.0005, 'weight_decay': 0.0005}",2026-08-19 03:05
grid_ampliado_256_128_64_drop025_lr0.0005_wd1e-05,MLP,,"[256, 128, 64]",0.25,0.0005,1e-05,23.0,0.5325544181592229,,"{'hidden_dims': [256, 128, 64], 'dropout': 0.25, 'learning_rate': 0.0005, 'weight_decay': 1e-05}",2026-08-19 03:05
grid_ampliado_256_128_64_32_drop01_lr0.001_wd0.0001,MLP,,"[256, 128, 64, 32]",0.1,0.001,0.0001,23.0,0.2479218633525151,,"{'hidden_dims': [256, 128, 64, 32], 'dropout': 0.1, 'learning_rate': 0.001, 'weight_decay': 0.0001}",2026-08-19 03:05
grid_ampliado_256_128_64_32_drop01_lr0.001_wd0.0005,MLP,modelos\grid_ampliado_256_128_64_32_drop01_lr0.001_wd0.0005.pt,"[256, 128, 64, 32]",0.1,0.001,0.0005,23.0,0.1961674455828551,,"{'hidden_dims': [256, 128, 64, 32], 'dropout': 0.1, 'learning_rate': 0.001, 'weight_decay': 0.0005}",2026-08-19 03:05
grid_ampliado_256_128_64_32_drop01_lr0.001_wd1e-05,MLP,,"[256, 128, 64, 32]",0.1,0.001,1e-05,23.0,0.3373706359244172,,"{'hidden_dims': [256, 128, 64, 32], 'dropout': 0.1, 'learning_rate': 0.001, 'weight_decay': 1e-05}",2026-08-19 03:05
grid_ampliado_256_128_64_32_drop01_lr0.002_wd0.0001,MLP,,"[256, 128, 64, 32]",0.1,0.002,0.0001,23.0,0.2359891251847442,,"{'hidden_dims': [256, 128, 64, 32], 'dropout': 0.1, 'learning_rate': 0.002, 'weight_decay': 0.0001}",2026-08-19 03:06
grid_ampliado_256_128_64_32_drop01_lr0.002_wd0.0005,MLP,,"[256, 128, 64, 32]",0.1,0.002,0.0005,23.0,0.2792824239037798,,"{'hidden_dims': [256, 128, 64, 32], 'dropout': 0.1, 'learning_rate': 0.002, 'weight_decay': 0.0005}",2026-08-19 03:06
grid_ampliado_256_128_64_32_drop01_lr0.002_wd1e-05,MLP,,"[256, 128, 64, 32]",0.1,0.002,1e-05,23.0,0.2359822753394066,,"{'hidden_dims': [256, 128, 64, 32], 'dropout': 0.1, 'learning_rate': 0.002, 'weight_decay': 1e-05}",2026-08-19 03:06
grid_ampliado_256_128_64_32_drop01_lr0.0005_wd0.0001,MLP,,"[256, 128, 64, 32]",0.1,0.0005,0.0001,23.0,0.2948396633416193,,"{'hidden_dims': [256, 128, 64, 32], 'dropout': 0.1, 'learning_rate': 0.0005, 'weight_decay': 0.0001}",2026-08-19 03:06
grid_ampliado_256_128_64_32_drop01_lr0.0005_wd0.0005,MLP,,"[256, 128, 64, 32]",0.1,0.0005,0.0005,23.0,0.2370444730055667,,"{'hidden_dims': [256, 128, 64, 32], 'dropout': 0.1, 'learning_rate': 0.0005, 'weight_decay': 0.0005}",2026-08-19 03:06
grid_ampliado_256_128_64_32_drop01_lr0.0005_wd1e-05,MLP,,"[256, 128, 64, 32]",0.1,0.0005,1e-05,23.0,0.2945519131040768,,"{'hidden_dims': [256, 128, 64, 32], 'dropout': 0.1, 'learning_rate': 0.0005, 'weight_decay': 1e-05}",2026-08-19 03:07
grid_ampliado_256_128_64_32_drop015_lr0.001_wd0.0001,MLP,,"[256, 128, 64, 32]",0.15,0.001,0.0001,23.0,0.2940035051637772,,"{'hidden_dims': [256, 128, 64, 32], 'dropout': 0.15, 'learning_rate': 0.001, 'weight_decay': 0.0001}",2026-08-19 03:07
grid_ampliado_256_128_64_32_drop015_lr0.001_wd0.0005,MLP,,"[256, 128, 64, 32]",0.15,0.001,0.0005,23.0,0.261751770669364,,"{'hidden_dims': [256, 128, 64, 32], 'dropout': 0.15, 'learning_rate': 0.001, 'weight_decay': 0.0005}",2026-08-19 03:07
grid_ampliado_256_128_64_32_drop015_lr0.001_wd1e-05,MLP,,"[256, 128, 64, 32]",0.15,0.001,1e-05,23.0,0.2924935025392824,,"{'hidden_dims': [256, 128, 64, 32], 'dropout': 0.15, 'learning_rate': 0.001, 'weight_decay': 1e-05}",2026-08-19 03:07
grid_ampliado_256_128_64_32_drop015_lr0.002_wd0.0001,MLP,,"[256, 128, 64, 32]",0.15,0.002,0.0001,23.0,0.2521643123165136,,"{'hidden_dims': [256, 128, 64, 32], 'dropout': 0.15, 'learning_rate': 0.002, 'weight_decay': 0.0001}",2026-08-19 03:08
grid_ampliado_256_128_64_32_drop015_lr0.002_wd0.0005,MLP,,"[256, 128, 64, 32]",0.15,0.002,0.0005,23.0,0.2933994010239407,,"{'hidden_dims': [256, 128, 64, 32], 'dropout': 0.15, 'learning_rate': 0.002, 'weight_decay': 0.0005}",2026-08-19 03:08
grid_ampliado_256_128_64_32_drop015_lr0.002_wd1e-05,MLP,,"[256, 128, 64, 32]",0.15,0.002,1e-05,23.0,0.2405593645798009,,"{'hidden_dims': [256, 128, 64, 32], 'dropout': 0.15, 'learning_rate': 0.002, 'weight_decay': 1e-05}",2026-08-19 03:08
grid_ampliado_256_128_64_32_drop015_lr0.0005_wd0.0001,MLP,,"[256, 128, 64, 32]",0.15,0.0005,0.0001,23.0,0.2908907266005244,,"{'hidden_dims': [256, 128, 64, 32], 'dropout': 0.15, 'learning_rate': 0.0005, 'weight_decay': 0.0001}",2026-08-19 03:09
grid_ampliado_256_128_64_32_drop015_lr0.0005_wd0.0005,MLP,,"[256, 128, 64, 32]",0.15,0.0005,0.0005,23.0,0.2798493274553216,,"{'hidden_dims': [256, 128, 64, 32], 'dropout': 0.15, 'learning_rate': 0.0005, 'weight_decay': 0.0005}",2026-08-19 03:09
grid_ampliado_256_128_64_32_drop015_lr0.0005_wd1e-05,MLP,,"[256, 128, 64, 32]",0.15,0.0005,1e-05,23.0,0.3795734034587081,,"{'hidden_dims': [256, 128, 64, 32], 'dropout': 0.15, 'learning_rate': 0.0005, 'weight_decay': 1e-05}",2026-08-19 03:09
grid_ampliado_256_128_64_32_drop02_lr0.001_wd0.0001,MLP,,"[256, 128, 64, 32]",0.2,0.001,0.0001,23.0,0.270335184828597,,"{'hidden_dims': [256, 128, 64, 32], 'dropout': 0.2, 'learning_rate': 0.001, 'weight_decay': 0.0001}",2026-08-19 03:10
grid_ampliado_256_128_64_32_drop02_lr0.001_wd0.0005,MLP,,"[256, 128, 64, 32]",0.2,0.001,0.0005,23.0,0.3198569807593756,,"{'hidden_dims': [256, 128, 64, 32], 'dropout': 0.2, 'learning_rate': 0.001, 'weight_decay': 0.0005}",2026-08-19 03:10
grid_ampliado_256_128_64_32_drop02_lr0.001_wd1e-05,MLP,,"[256, 128, 64, 32]",0.2,0.001,1e-05,23.0,0.2727409346050374,,"{'hidden_dims': [256, 128, 64, 32], 'dropout': 0.2, 'learning_rate': 0.001, 'weight_decay': 1e-05}",2026-08-19 03:10
grid_ampliado_256_128_64_32_drop02_lr0.002_wd0.0001,MLP,,"[256, 128, 64, 32]",0.2,0.002,0.0001,23.0,0.3097637135966636,,"{'hidden_dims': [256, 128, 64, 32], 'dropout': 0.2, 'learning_rate': 0.002, 'weight_decay': 0.0001}",2026-08-19 03:10
grid_ampliado_256_128_64_32_drop02_lr0.002_wd0.0005,MLP,,"[256, 128, 64, 32]",0.2,0.002,0.0005,23.0,0.3542156471948924,,"{'hidden_dims': [256, 128, 64, 32], 'dropout': 0.2, 'learning_rate': 0.002, 'weight_decay': 0.0005}",2026-08-19 03:11
grid_ampliado_256_128_64_32_drop02_lr0.002_wd1e-05,MLP,,"[256, 128, 64, 32]",0.2,0.002,1e-05,23.0,0.2412486683915008,,"{'hidden_dims': [256, 128, 64, 32], 'dropout': 0.2, 'learning_rate': 0.002, 'weight_decay': 1e-05}",2026-08-19 03:11
grid_ampliado_256_128_64_32_drop02_lr0.0005_wd0.0001,MLP,,"[256, 128, 64, 32]",0.2,0.0005,0.0001,23.0,0.3965473406925095,,"{'hidden_dims': [256, 128, 64, 32], 'dropout': 0.2, 'learning_rate': 0.0005, 'weight_decay': 0.0001}",2026-08-19 03:11
grid_ampliado_256_128_64_32_drop02_lr0.0005_wd0.0005,MLP,,"[256, 128, 64, 32]",0.2,0.0005,0.0005,23.0,0.3092950686358424,,"{'hidden_dims': [256, 128, 64, 32], 'dropout': 0.2, 'learning_rate': 0.0005, 'weight_decay': 0.0005}",2026-08-19 03:12
grid_ampliado_256_128_64_32_drop02_lr0.0005_wd1e-05,MLP,,"[256, 128, 64, 32]",0.2,0.0005,1e-05,23.0,0.4108805528134385,,"{'hidden_dims': [256, 128, 64, 32], 'dropout': 0.2, 'learning_rate': 0.0005, 'weight_decay': 1e-05}",2026-08-19 03:12
grid_ampliado_256_128_64_32_drop025_lr0.001_wd0.0001,MLP,,"[256, 128, 64, 32]",0.25,0.001,0.0001,23.0,0.2784719098913962,,"{'hidden_dims': [256, 128, 64, 32], 'dropout': 0.25, 'learning_rate': 0.001, 'weight_decay': 0.0001}",2026-08-19 03:12
grid_ampliado_256_128_64_32_drop025_lr0.001_wd0.0005,MLP,,"[256, 128, 64, 32]",0.25,0.001,0.0005,23.0,0.3020389527024264,,"{'hidden_dims': [256, 128, 64, 32], 'dropout': 0.25, 'learning_rate': 0.001, 'weight_decay': 0.0005}",2026-08-19 03:12
grid_ampliado_256_128_64_32_drop025_lr0.001_wd1e-05,MLP,,"[256, 128, 64, 32]",0.25,0.001,1e-05,23.0,0.3499075791690091,,"{'hidden_dims': [256, 128, 64, 32], 'dropout': 0.25, 'learning_rate': 0.001, 'weight_decay': 1e-05}",2026-08-19 03:13
grid_ampliado_256_128_64_32_drop025_lr0.002_wd0.0001,MLP,,"[256, 128, 64, 32]",0.25,0.002,0.0001,23.0,0.2758644831665306,,"{'hidden_dims': [256, 128, 64, 32], 'dropout': 0.25, 'learning_rate': 0.002, 'weight_decay': 0.0001}",2026-08-19 03:13
grid_ampliado_256_128_64_32_drop025_lr0.002_wd0.0005,MLP,,"[256, 128, 64, 32]",0.25,0.002,0.0005,23.0,0.2683177017956434,,"{'hidden_dims': [256, 128, 64, 32], 'dropout': 0.25, 'learning_rate': 0.002, 'weight_decay': 0.0005}",2026-08-19 03:13
grid_ampliado_256_128_64_32_drop025_lr0.002_wd1e-05,MLP,,"[256, 128, 64, 32]",0.25,0.002,1e-05,23.0,0.3355315827780792,,"{'hidden_dims': [256, 128, 64, 32], 'dropout': 0.25, 'learning_rate': 0.002, 'weight_decay': 1e-05}",2026-08-19 03:13
grid_ampliado_256_128_64_32_drop025_lr0.0005_wd0.0001,MLP,,"[256, 128, 64, 32]",0.25,0.0005,0.0001,23.0,0.3666716462396844,,"{'hidden_dims': [256, 128, 64, 32], 'dropout': 0.25, 'learning_rate': 0.0005, 'weight_decay': 0.0001}",2026-08-19 03:13
grid_ampliado_256_128_64_32_drop025_lr0.0005_wd0.0005,MLP,,"[256, 128, 64, 32]",0.25,0.0005,0.0005,23.0,0.4630201563563795,,"{'hidden_dims': [256, 128, 64, 32], 'dropout': 0.25, 'learning_rate': 0.0005, 'weight_decay': 0.0005}",2026-08-19 03:14
grid_ampliado_256_128_64_32_drop025_lr0.0005_wd1e-05,MLP,,"[256, 128, 64, 32]",0.25,0.0005,1e-05,23.0,0.4030797393289756,,"{'hidden_dims': [256, 128, 64, 32], 'dropout': 0.25, 'learning_rate': 0.0005, 'weight_decay': 1e-05}",2026-08-19 03:14
grid_kfold_64_32_drop015_lr0.001_wd0.0001,MLP,,"[64, 32]",0.15,0.001,0.0001,42.0,0.5708095633374883,139465.2772396588,std entre folds: 0.0516,2026-08-19 03:14
grid_kfold_64_32_drop015_lr0.001_wd1e-05,MLP,,"[64, 32]",0.15,0.001,1e-05,42.0,0.4893750017031866,89930.32572058107,std entre folds: 0.0381,2026-08-19 03:15
grid_kfold_64_32_drop02_lr0.001_wd0.0001,MLP,,"[64, 32]",0.2,0.001,0.0001,42.0,0.5972168569982174,88256.90491837924,std entre folds: 0.0763,2026-08-19 03:15
grid_kfold_64_32_drop02_lr0.001_wd1e-05,MLP,,"[64, 32]",0.2,0.001,1e-05,42.0,0.6237385365149483,107766.92201178533,std entre folds: 0.1299,2026-08-19 03:16
grid_kfold_64_32_drop03_lr0.001_wd0.0001,MLP,,"[64, 32]",0.3,0.001,0.0001,42.0,0.7094297111393498,102082.02588096344,std entre folds: 0.1073,2026-08-19 03:16
grid_kfold_64_32_drop03_lr0.001_wd1e-05,MLP,,"[64, 32]",0.3,0.001,1e-05,42.0,0.7651894224058186,110814.77568539052,std entre folds: 0.1706,2026-08-19 03:16
grid_kfold_128_64_drop015_lr0.001_wd0.0001,MLP,,"[128, 64]",0.15,0.001,0.0001,42.0,0.4771341801745151,83681.09865104861,std entre folds: 0.0846,2026-08-19 03:17
grid_kfold_128_64_drop015_lr0.001_wd1e-05,MLP,,"[128, 64]",0.15,0.001,1e-05,42.0,0.4928225366074424,85293.95372450646,std entre folds: 0.0656,2026-08-19 03:17
grid_kfold_128_64_drop02_lr0.001_wd0.0001,MLP,,"[128, 64]",0.2,0.001,0.0001,42.0,0.4668427663006277,82189.17385080902,std entre folds: 0.0723,2026-08-19 03:18
grid_kfold_128_64_drop02_lr0.001_wd1e-05,MLP,,"[128, 64]",0.2,0.001,1e-05,42.0,0.4905212905929968,83219.99465933249,std entre folds: 0.0552,2026-08-19 03:18
grid_kfold_128_64_drop03_lr0.001_wd0.0001,MLP,,"[128, 64]",0.3,0.001,0.0001,42.0,0.5662635994787986,90180.30089452864,std entre folds: 0.0873,2026-08-19 03:19
grid_kfold_128_64_drop03_lr0.001_wd1e-05,MLP,,"[128, 64]",0.3,0.001,1e-05,42.0,0.5950663334896118,94918.93509873764,std entre folds: 0.1506,2026-08-19 03:20
grid_kfold_128_64_32_drop015_lr0.001_wd0.0001,MLP,,"[128, 64, 32]",0.15,0.001,0.0001,42.0,0.3406531243424278,92725.65163996466,std entre folds: 0.0505,2026-08-19 03:20
grid_kfold_128_64_32_drop015_lr0.001_wd1e-05,MLP,,"[128, 64, 32]",0.15,0.001,1e-05,42.0,0.3001161758365279,67239.61347231278,std entre folds: 0.0344,2026-08-19 03:21
grid_kfold_128_64_32_drop02_lr0.001_wd0.0001,MLP,,"[128, 64, 32]",0.2,0.001,0.0001,42.0,0.4125329135955765,85132.3791426922,std entre folds: 0.0696,2026-08-19 03:21
grid_kfold_128_64_32_drop02_lr0.001_wd1e-05,MLP,,"[128, 64, 32]",0.2,0.001,1e-05,42.0,0.3381655106109337,81519.93646595607,std entre folds: 0.0641,2026-08-19 03:22
grid_kfold_128_64_32_drop03_lr0.001_wd0.0001,MLP,,"[128, 64, 32]",0.3,0.001,0.0001,42.0,0.4983353903288806,94320.0236192582,std entre folds: 0.0853,2026-08-19 03:23
grid_kfold_128_64_32_drop03_lr0.001_wd1e-05,MLP,,"[128, 64, 32]",0.3,0.001,1e-05,42.0,0.5403983034623837,99681.77074982536,std entre folds: 0.1427,2026-08-19 03:24
greedy_caso1_hidden_dims_64_32_drop01_lr0.001_wd0.0001,MLP,,"[64, 32]",0.1,0.001,0.0001,42.0,0.5280395591531187,,greedy - ajustando hidden_dims,2026-08-19 12:04
greedy_caso1_hidden_dims_128_64_32_drop01_lr0.001_wd0.0001,MLP,,"[128, 64, 32]",0.1,0.001,0.0001,42.0,0.2972028661874217,,greedy - ajustando hidden_dims,2026-08-19 12:04
greedy_caso1_hidden_dims_256_128_64_drop01_lr0.001_wd0.0001,MLP,,"[256, 128, 64]",0.1,0.001,0.0001,42.0,0.2809880867206124,,greedy - ajustando hidden_dims,2026-08-19 12:04
greedy_caso1_dropout_256_128_64_drop01_lr0.001_wd0.0001,MLP,,"[256, 128, 64]",0.1,0.001,0.0001,42.0,0.2809880867206124,,greedy - ajustando dropout,2026-08-19 12:04
greedy_caso1_dropout_256_128_64_drop02_lr0.001_wd0.0001,MLP,,"[256, 128, 64]",0.2,0.001,0.0001,42.0,0.4206968918022474,,greedy - ajustando dropout,2026-08-19 12:04
greedy_caso1_dropout_256_128_64_drop03_lr0.001_wd0.0001,MLP,,"[256, 128, 64]",0.3,0.001,0.0001,42.0,0.3650390651873647,,greedy - ajustando dropout,2026-08-19 12:04
greedy_caso1_learning_rate_256_128_64_drop01_lr0.001_wd0.0001,MLP,,"[256, 128, 64]",0.1,0.001,0.0001,42.0,0.2809880867206124,,greedy - ajustando learning_rate,2026-08-19 12:04
greedy_caso1_learning_rate_256_128_64_drop01_lr0.0005_wd0.0001,MLP,,"[256, 128, 64]",0.1,0.0005,0.0001,42.0,0.3118156250703853,,greedy - ajustando learning_rate,2026-08-19 12:05
greedy_caso1_weight_decay_256_128_64_drop01_lr0.001_wd0.0001,MLP,,"[256, 128, 64]",0.1,0.001,0.0001,42.0,0.2809880867206124,,greedy - ajustando weight_decay,2026-08-19 12:05
greedy_caso1_weight_decay_256_128_64_drop01_lr0.001_wd1e-05,MLP,,"[256, 128, 64]",0.1,0.001,1e-05,42.0,0.2788924866529652,,greedy - ajustando weight_decay,2026-08-19 12:05
greedy_caso1_FINAL_256_128_64_drop01_lr0.001_wd1e-05,MLP,modelos\greedy_caso1_FINAL_256_128_64_drop01_lr0.001_wd1e-05.pt,"[256, 128, 64]",0.1,0.001,1e-05,,0.2788924866529652,,combinación final greedy,2026-08-19 12:05
greedy_caso2_hidden_dims_128_64_32_drop01_lr0.001_wd0.0001,MLP,,"[128, 64, 32]",0.1,0.001,0.0001,42.0,0.2972028661874217,,greedy - ajustando hidden_dims,2026-08-19 12:05
greedy_caso2_hidden_dims_256_128_64_drop01_lr0.001_wd0.0001,MLP,,"[256, 128, 64]",0.1,0.001,0.0001,42.0,0.2809880867206124,,greedy - ajustando hidden_dims,2026-08-19 12:05
greedy_caso2_hidden_dims_256_128_64_32_drop01_lr0.001_wd0.0001,MLP,,"[256, 128, 64, 32]",0.1,0.001,0.0001,42.0,0.26271484614358,,greedy - ajustando hidden_dims,2026-08-19 12:05
greedy_caso2_dropout_256_128_64_32_drop01_lr0.001_wd0.0001,MLP,,"[256, 128, 64, 32]",0.1,0.001,0.0001,42.0,0.26271484614358,,greedy - ajustando dropout,2026-08-19 12:05
greedy_caso2_dropout_256_128_64_32_drop015_lr0.001_wd0.0001,MLP,,"[256, 128, 64, 32]",0.15,0.001,0.0001,42.0,0.2800787516488939,,greedy - ajustando dropout,2026-08-19 12:06
greedy_caso2_dropout_256_128_64_32_drop02_lr0.001_wd0.0001,MLP,,"[256, 128, 64, 32]",0.2,0.001,0.0001,42.0,0.3104947844188591,,greedy - ajustando dropout,2026-08-19 12:06
greedy_caso2_dropout_256_128_64_32_drop025_lr0.001_wd0.0001,MLP,,"[256, 128, 64, 32]",0.25,0.001,0.0001,42.0,0.3469352773969029,,greedy - ajustando dropout,2026-08-19 12:06
greedy_caso2_learning_rate_256_128_64_32_drop01_lr0.001_wd0.0001,MLP,,"[256, 128, 64, 32]",0.1,0.001,0.0001,42.0,0.26271484614358,,greedy - ajustando learning_rate,2026-08-19 12:06
greedy_caso2_learning_rate_256_128_64_32_drop01_lr0.002_wd0.0001,MLP,,"[256, 128, 64, 32]",0.1,0.002,0.0001,42.0,0.1749354464814852,,greedy - ajustando learning_rate,2026-08-19 12:06
greedy_caso2_learning_rate_256_128_64_32_drop01_lr0.0005_wd0.0001,MLP,,"[256, 128, 64, 32]",0.1,0.0005,0.0001,42.0,0.2191103673242497,,greedy - ajustando learning_rate,2026-08-19 12:06
greedy_caso2_weight_decay_256_128_64_32_drop01_lr0.002_wd0.0001,MLP,,"[256, 128, 64, 32]",0.1,0.002,0.0001,42.0,0.1749354464814852,,greedy - ajustando weight_decay,2026-08-19 12:06
greedy_caso2_weight_decay_256_128_64_32_drop01_lr0.002_wd0.0005,MLP,,"[256, 128, 64, 32]",0.1,0.002,0.0005,42.0,0.2354285844895482,,greedy - ajustando weight_decay,2026-08-19 12:07
greedy_caso2_weight_decay_256_128_64_32_drop01_lr0.002_wd1e-05,MLP,,"[256, 128, 64, 32]",0.1,0.002,1e-05,42.0,0.214061360779629,,greedy - ajustando weight_decay,2026-08-19 12:07
greedy_caso2_FINAL_256_128_64_32_drop01_lr0.002_wd0.0001,MLP,modelos\greedy_caso2_FINAL_256_128_64_32_drop01_lr0.002_wd0.0001.pt,"[256, 128, 64, 32]",0.1,0.002,0.0001,,0.1749354464814852,,combinación final greedy,2026-08-19 12:07
MLP-SinBN,MLP_sinBN,modelos\modelo_mlp_sinbn.pt,,,,,,0.3001161758365279,54661.7911354127,"MLP sin BatchNorm, hiperparámetros de grid_kfold",2026-08-19 12:14
MLP-ConBN,MLP,modelos\modelo_mlp_bn.pt,,,,,,0.3001161758365279,96376.06485153583,"MLP con BatchNorm, hiperparámetros de grid_kfold",2026-08-19 12:14
MLP-LinearSkip,MLP_LinearSkip,modelos\modelo_mlp_linearskip.pt,,,,,,0.4597056815136809,88290.87060739807,"MLP con skip lineal (Wide & Deep) — arquitectura chica + regularización fuerte, diseñada para el régimen de pocos datos/muchas features",2026-08-19 12:43
MLP-sklearn,MLP_sklearn,modelos\modelo_mlp_sklearn.pt,,,,,,,22140.96731956214,"MLP (sklearn, solver=lbfgs, alpha=7.0) — arquitectura y regularización adecuadas para el régimen de pocos datos de este dataset",2026-08-19 13:42
MLP-LBFGS,MLP_LBFGS,modelos\modelo_mlp_lbfgs.pt,,,,,,0.10865847867699305,21821.30794271753,"MLP (PyTorch, LBFGS full-batch, alpha_L2=7.0) — réplica corregida del MLPRegressor sklearn",2026-08-20 02:53
